<?xml version="1.0" encoding="utf-8"?>
<!--Leap Motion plugin additions using Android Plugin Language (APL)-->
<root xmlns:android="http://schemas.android.com/apk/res/android">

	<!-- init section is always evaluated once per architecture -->
	<init>
		<log text="LeapMotion init"/>
	</init>

	<!-- optional files or directories to copy to Intermediate/Android/APK -->
	<resourceCopies>
    <log text="Copying LeapMotion runtime files to staging"/>
    <isArch arch="armeabi-v7a">
      <copyFile src="$S(PluginDir)/../../ThirdParty/LeapSDK/Lib/Android/armeabi-v7a/libLeapC.so"
			    			dst="$S(BuildDir)/libs/armeabi-v7a/libLeapC.so" />
      <log text="armeabi-v7a LeapMotion runtime files copied"/>
    </isArch>
    <isArch arch="arm64-v8a">
      <copyFile src="$S(PluginDir)/../../ThirdParty/LeapSDK/Lib/Android/arm64-v8a/libLeapC.so"
                dst="$S(BuildDir)/libs/arm64-v8a/libLeapC.so" />
      <log text="arm64-v8a LeapMotion runtime files copied"/>
    </isArch>
    <isArch arch="x86">
      <copyFile src="$S(PluginDir)/../../ThirdParty/LeapSDK/Lib/Android/x86/libLeapC.so"
						dst="$S(BuildDir)/libs/x86/libLeapC.so" />
      <log text="x86 LeapMotion runtime files copied"/>
    </isArch>
    <isArch arch="x86_64">  
      <copyFile src="$S(PluginDir)/../../ThirdParty/LeapSDK/Lib/Android/x86_64/libLeapC.so"
						dst="$S(BuildDir)/libs/x86_64/libLeapC.so" />
      <log text="x86_64 LeapMotion runtime files copied"/>
    </isArch>
    

  </resourceCopies>

  <!-- Manifest Updates -->
  <androidManifestUpdates>
  </androidManifestUpdates>

	<!-- Files to copy before the build so they can be used in the build -->
    <prebuildCopies>
    </prebuildCopies>

    <!-- optional additions to proguard -->
  	<proguardAdditions>
  	</proguardAdditions>

    <gameActivityImportAdditions>
      <!-- import com.leapmotion.*; -->
    	<insert>
    	</insert>
  	</gameActivityImportAdditions>
  
 	<gameActivityClassAdditions>
	</gameActivityClassAdditions>
  
  <gameActivityOnPauseAdditions>
  </gameActivityOnPauseAdditions>
  
  <gameActivityOnResumeAdditions>
  </gameActivityOnResumeAdditions>

  <gameActivityOnCreateAdditions>
  </gameActivityOnCreateAdditions>

  <gameActivityOnStartAdditions>
	</gameActivityOnStartAdditions>


	  <!-- optional libraries to load in GameActivity.java before libUE4.so -->
	<soLoadLibrary>
    	<loadLibrary name="LeapC" failmsg="LeapMotion library not loaded and required!" />
	</soLoadLibrary>

</root>